ExecutionId,CycleName,FolderName,Issue Key,Test Summary,Project,Component,Version,Priority,Executed By,Executed On,ExecutionStatus,ExecutionDefects,CreationDate,Assigned To,Custom Fields,Work Flow Status,Total Execution Time,Total Logged Time,StepId,OrderId,Step,Test Data,Expected Result,Step Result,Comments,Step Custom Fields
0e7ae2ef-0d41-488c-b8e6-f0adde3f146d,Configure tests,,IAIS-13,"Configure functionality should appear after accessing the ""Leave"" module",Iorga Anamaria-Isabela_ST6,,v1.0,Medium,IT Factory,26-08-24 19:27,PASS,,25-08-24 15:54,,,,,,b5064379-53ba-4018-9849-b5486e4dec34,1,Open browser,N/A,Browser is opened,PASS,,
0e7ae2ef-0d41-488c-b8e6-f0adde3f146d,Configure tests,,IAIS-13,"Configure functionality should appear after accessing the ""Leave"" module",Iorga Anamaria-Isabela_ST6,,v1.0,Medium,IT Factory,26-08-24 19:27,PASS,,25-08-24 15:54,,,,,,7462fe31-2682-4889-ba5b-898c5e5569a2,2,Access the OrangeHrm application,N/A,The application is accessed,PASS,,
0e7ae2ef-0d41-488c-b8e6-f0adde3f146d,Configure tests,,IAIS-13,"Configure functionality should appear after accessing the ""Leave"" module",Iorga Anamaria-Isabela_ST6,,v1.0,Medium,IT Factory,26-08-24 19:27,PASS,,25-08-24 15:54,,,,,,ff901810-25f9-4b9b-8ae7-71bed3bf3100,3,Log in with valid email and valid password,username:Admin password: admin123,User is logged in successfully,PASS,,
0e7ae2ef-0d41-488c-b8e6-f0adde3f146d,Configure tests,,IAIS-13,"Configure functionality should appear after accessing the ""Leave"" module",Iorga Anamaria-Isabela_ST6,,v1.0,Medium,IT Factory,26-08-24 19:27,PASS,,25-08-24 15:54,,,,,,56b8f277-1323-4995-a14a-3ea39306f1e2,4,"Access the ""Leave"" module",N/A,"The ""Leave"" module is successfully accessed",PASS,,
0e7ae2ef-0d41-488c-b8e6-f0adde3f146d,Configure tests,,IAIS-13,"Configure functionality should appear after accessing the ""Leave"" module",Iorga Anamaria-Isabela_ST6,,v1.0,Medium,IT Factory,26-08-24 19:27,PASS,,25-08-24 15:54,,,,,,2976d048-4343-4eba-be1b-152485d47e1f,5,Access Configure,N/A,Configure is accessed and required options are displayed,PASS,,
0e7ae2ef-0d41-488c-b8e6-f0adde3f146d,Configure tests,,IAIS-13,"Configure functionality should appear after accessing the ""Leave"" module",Iorga Anamaria-Isabela_ST6,,v1.0,Medium,IT Factory,26-08-24 19:27,PASS,,25-08-24 15:54,,,,,,c43c58e9-4924-407f-8dbf-72aaeb5ea290,6,Log out and close browser,N/A,User is logged out and browser is closed successfully.,PASS,,
ef538a73-5c26-452e-98fe-f00e0358f234,Configure tests,,IAIS-15,Verify Leave Period options,Iorga Anamaria-Isabela_ST6,,v1.0,Medium,IT Factory,26-08-24 19:55,PASS,,26-08-24 19:44,,,,,,5f3a5b33-9d82-460d-844a-26b5e75f07fe,1,Access OrangeHrm application and log in with valid credentials,username:Admin password:admin123,OrangeHrm is accessed and user is logged in successfully,PASS,,
ef538a73-5c26-452e-98fe-f00e0358f234,Configure tests,,IAIS-15,Verify Leave Period options,Iorga Anamaria-Isabela_ST6,,v1.0,Medium,IT Factory,26-08-24 19:55,PASS,,26-08-24 19:44,,,,,,96c41f00-17be-4e8f-810b-9cd1eb758ce4,2,Access the Leave module,,Leave module is accessed successfully,PASS,,
ef538a73-5c26-452e-98fe-f00e0358f234,Configure tests,,IAIS-15,Verify Leave Period options,Iorga Anamaria-Isabela_ST6,,v1.0,Medium,IT Factory,26-08-24 19:55,PASS,,26-08-24 19:44,,,,,,58f9b7b1-8866-461b-b30a-8d170dbdbe8d,3,Access Configure,,Configure is accessed and the main options are displayed successfully,PASS,,
ef538a73-5c26-452e-98fe-f00e0358f234,Configure tests,,IAIS-15,Verify Leave Period options,Iorga Anamaria-Isabela_ST6,,v1.0,Medium,IT Factory,26-08-24 19:55,PASS,,26-08-24 19:44,,,,,,d3e56a7e-5e01-4d3d-9a08-09bca7714d7a,4,Access Leave Period,,Leave Period is accessed and the screen period is displayed,PASS,,
ef538a73-5c26-452e-98fe-f00e0358f234,Configure tests,,IAIS-15,Verify Leave Period options,Iorga Anamaria-Isabela_ST6,,v1.0,Medium,IT Factory,26-08-24 19:55,PASS,,26-08-24 19:44,,,,,,22b8e1ed-7af6-4f47-8912-c6338e541ad1,5,Log out,,User is logged out successfully,PASS,,
93227c5d-65c7-4ec4-9ea4-1228144e3a33,Configure tests,,IAIS-16,Verify only users with admin rights are able to define the Period Leave,Iorga Anamaria-Isabela_ST6,,v1.0,High,IT Factory,26-08-24 20:08,PASS,,26-08-24 19:59,,,,,,b669a1f9-f9f5-4a57-8ecd-9425b24ce4a1,1,Access OrangeHrm application and log in with valid credentials,username: Admin123 password:admin123,OrangeHrm is accessed and user  is logged in successfully,PASS,,
93227c5d-65c7-4ec4-9ea4-1228144e3a33,Configure tests,,IAIS-16,Verify only users with admin rights are able to define the Period Leave,Iorga Anamaria-Isabela_ST6,,v1.0,High,IT Factory,26-08-24 20:08,PASS,,26-08-24 19:59,,,,,,a344a4e5-d741-46da-aa8a-f2915c2782ca,2,Access the Leave module,,Leave module is accessed successfully,PASS,,
93227c5d-65c7-4ec4-9ea4-1228144e3a33,Configure tests,,IAIS-16,Verify only users with admin rights are able to define the Period Leave,Iorga Anamaria-Isabela_ST6,,v1.0,High,IT Factory,26-08-24 20:08,PASS,,26-08-24 19:59,,,,,,a11207d7-5388-4a61-8950-1c30591fbaf9,3,Access Configure,,Configure is accessed successfully,PASS,,
93227c5d-65c7-4ec4-9ea4-1228144e3a33,Configure tests,,IAIS-16,Verify only users with admin rights are able to define the Period Leave,Iorga Anamaria-Isabela_ST6,,v1.0,High,IT Factory,26-08-24 20:08,PASS,,26-08-24 19:59,,,,,,14bf4dc3-cb3b-4fde-8bf0-e6321f1800e1,4,Access Leave Period,,Leave Period is accessed successfully,PASS,,
93227c5d-65c7-4ec4-9ea4-1228144e3a33,Configure tests,,IAIS-16,Verify only users with admin rights are able to define the Period Leave,Iorga Anamaria-Isabela_ST6,,v1.0,High,IT Factory,26-08-24 20:08,PASS,,26-08-24 19:59,,,,,,6325d3a0-e5c1-49e1-bee3-a19412297f50,5,Define Leave Period as a user with admin rights,,Leave Period is successfuly defined by a user with admin rights and saved,PASS,,
93227c5d-65c7-4ec4-9ea4-1228144e3a33,Configure tests,,IAIS-16,Verify only users with admin rights are able to define the Period Leave,Iorga Anamaria-Isabela_ST6,,v1.0,High,IT Factory,26-08-24 20:08,PASS,,26-08-24 19:59,,,,,,dc54a81e-f77f-411c-8214-af3983b0a05b,6,Logout,,User is successfully logged out,PASS,,
7f7591d1-f704-4972-9bfc-3413242242c1,Configure tests,,IAIS-17,Verify that a user with no admin rights cannot complete the Leave Period,Iorga Anamaria-Isabela_ST6,,v1.0,Medium,IT Factory,27-08-24 20:59,PASS,| IAIS-18,26-08-24 20:10,IT Factory,,,,,1929b373-ec6f-43aa-8847-dac8560c2a51,1,Access OrangeHrm application,N/A,Application opened successfully,PASS,,
7f7591d1-f704-4972-9bfc-3413242242c1,Configure tests,,IAIS-17,Verify that a user with no admin rights cannot complete the Leave Period,Iorga Anamaria-Isabela_ST6,,v1.0,Medium,IT Factory,27-08-24 20:59,PASS,| IAIS-18,26-08-24 20:10,IT Factory,,,,,1adadbb2-1935-41a7-9b53-7621082b2193,2,Login with valid credentials for a user with no admin rights,username:rubi20 password:rubi123,User logged in successfully as simple user,PASS,,
7f7591d1-f704-4972-9bfc-3413242242c1,Configure tests,,IAIS-17,Verify that a user with no admin rights cannot complete the Leave Period,Iorga Anamaria-Isabela_ST6,,v1.0,Medium,IT Factory,27-08-24 20:59,PASS,| IAIS-18,26-08-24 20:10,IT Factory,,,,,7713f787-0635-4349-a1ff-8a5ef57009d7,3,Access Leave module as a user with no admin rights,N/A,Leave module accessed successfully,PASS,,
7f7591d1-f704-4972-9bfc-3413242242c1,Configure tests,,IAIS-17,Verify that a user with no admin rights cannot complete the Leave Period,Iorga Anamaria-Isabela_ST6,,v1.0,Medium,IT Factory,27-08-24 20:59,PASS,| IAIS-18,26-08-24 20:10,IT Factory,,,,,3702af07-263f-4345-b780-4b9c9ad839ba,4,Access Configure as a user with no admin rights,N/A,Configure successsfully accessed,PASS,,
7f7591d1-f704-4972-9bfc-3413242242c1,Configure tests,,IAIS-17,Verify that a user with no admin rights cannot complete the Leave Period,Iorga Anamaria-Isabela_ST6,,v1.0,Medium,IT Factory,27-08-24 20:59,PASS,| IAIS-18,26-08-24 20:10,IT Factory,,,,,ca09a064-04ad-4ffa-a99b-c3aac3a81d81,5,Access Leave period as a user with no admin rights,N/A,"The user cannot access the Leave Period tab, an error message appears with the text: ""You do not have admin rights to access the Leave Period page.""",PASS,,
7f7591d1-f704-4972-9bfc-3413242242c1,Configure tests,,IAIS-17,Verify that a user with no admin rights cannot complete the Leave Period,Iorga Anamaria-Isabela_ST6,,v1.0,Medium,IT Factory,27-08-24 20:59,PASS,| IAIS-18,26-08-24 20:10,IT Factory,,,,,ac81cd9d-36c2-478a-8d31-88a452339f64,6,,,,PASS,,
7f7591d1-f704-4972-9bfc-3413242242c1,Configure tests,,IAIS-17,Verify that a user with no admin rights cannot complete the Leave Period,Iorga Anamaria-Isabela_ST6,,v1.0,Medium,IT Factory,27-08-24 20:59,PASS,| IAIS-18,26-08-24 20:10,IT Factory,,,,,139bafb0-0a7d-40c8-86f7-5e023de6db57,7,,,,PASS,,
85ef93a6-bd66-46a4-85fb-925982668ed4,Configure tests,,IAIS-19,Leave Period should display mandatory fields,Iorga Anamaria-Isabela_ST6,,v1.0,High,IT Factory,27-08-24 19:35,PASS,,27-08-24 19:25,IT Factory,,,,,3728617a-099a-4024-ad6c-fe670e3d511f,1,Access OrangeHrm application,N/A,OrangeHrm open successfully,PASS,,
85ef93a6-bd66-46a4-85fb-925982668ed4,Configure tests,,IAIS-19,Leave Period should display mandatory fields,Iorga Anamaria-Isabela_ST6,,v1.0,High,IT Factory,27-08-24 19:35,PASS,,27-08-24 19:25,IT Factory,,,,,0e236376-ab31-4a64-9b7b-47b623c3d9fb,2,Log in with valid credentials,username:Admin password:admin123,User is successfully logged in,PASS,,
85ef93a6-bd66-46a4-85fb-925982668ed4,Configure tests,,IAIS-19,Leave Period should display mandatory fields,Iorga Anamaria-Isabela_ST6,,v1.0,High,IT Factory,27-08-24 19:35,PASS,,27-08-24 19:25,IT Factory,,,,,96ca116c-4980-4620-8ac2-8bbcdb2ce895,3,Access Leave module,N/A,Leave module successfully accessed,PASS,,
85ef93a6-bd66-46a4-85fb-925982668ed4,Configure tests,,IAIS-19,Leave Period should display mandatory fields,Iorga Anamaria-Isabela_ST6,,v1.0,High,IT Factory,27-08-24 19:35,PASS,,27-08-24 19:25,IT Factory,,,,,d7db5c45-f2a1-4dfa-adac-028e73d21663,4,Access Configure,N/A,Configure accessed successfully,PASS,,
85ef93a6-bd66-46a4-85fb-925982668ed4,Configure tests,,IAIS-19,Leave Period should display mandatory fields,Iorga Anamaria-Isabela_ST6,,v1.0,High,IT Factory,27-08-24 19:35,PASS,,27-08-24 19:25,IT Factory,,,,,34841541-40f1-4040-b015-fafc897963a0,5,Acess Leave Period,N/A,Leave Period displayed the mandatory fields StarMonth and StartDate mentioned with asterisk symbol (*),PASS,,
85ef93a6-bd66-46a4-85fb-925982668ed4,Configure tests,,IAIS-19,Leave Period should display mandatory fields,Iorga Anamaria-Isabela_ST6,,v1.0,High,IT Factory,27-08-24 19:35,PASS,,27-08-24 19:25,IT Factory,,,,,6a87f2bf-e221-4e9f-8dcc-0e14bc01d6bf,6,Leave mandatory fields empty and Save,N/A,"When the mandatory fields are left empty, nothing happens when the save button is pressed",PASS,,
a117ed01-242e-4be2-88d2-418e7e1e6d18,Configure tests,,IAIS-20,StartMonth and StartDate can only by define from the dropdown menu,Iorga Anamaria-Isabela_ST6,,v1.0,Medium,IT Factory,27-08-24 22:36,PASS,,27-08-24 21:01,,,,,,876ccff3-f81d-43b4-9559-5dd8b2027fe8,1,Access OrangeHrm application,,OrangeHrm application opened successfully,PASS,,
a117ed01-242e-4be2-88d2-418e7e1e6d18,Configure tests,,IAIS-20,StartMonth and StartDate can only by define from the dropdown menu,Iorga Anamaria-Isabela_ST6,,v1.0,Medium,IT Factory,27-08-24 22:36,PASS,,27-08-24 21:01,,,,,,195f4fbf-e53b-44cd-b1e8-41dfefe7b7ba,2,Log in with valid credentials,username:Admin password:admin123,User logged successfully,PASS,,
a117ed01-242e-4be2-88d2-418e7e1e6d18,Configure tests,,IAIS-20,StartMonth and StartDate can only by define from the dropdown menu,Iorga Anamaria-Isabela_ST6,,v1.0,Medium,IT Factory,27-08-24 22:36,PASS,,27-08-24 21:01,,,,,,ee407719-4f02-4da0-b10c-ea3420195b9f,3,Access Leave module,,Leave module accessed successfully,PASS,,
a117ed01-242e-4be2-88d2-418e7e1e6d18,Configure tests,,IAIS-20,StartMonth and StartDate can only by define from the dropdown menu,Iorga Anamaria-Isabela_ST6,,v1.0,Medium,IT Factory,27-08-24 22:36,PASS,,27-08-24 21:01,,,,,,67c1bef6-f5da-4873-849a-8ede2ed3d52d,4,Access Configure,,Configure successfully accessed,PASS,,
a117ed01-242e-4be2-88d2-418e7e1e6d18,Configure tests,,IAIS-20,StartMonth and StartDate can only by define from the dropdown menu,Iorga Anamaria-Isabela_ST6,,v1.0,Medium,IT Factory,27-08-24 22:36,PASS,,27-08-24 21:01,,,,,,2719b8bd-1c2a-403a-b7a1-f1085b642c58,5,Access Leave Period,,Leave Period successfully accessed,PASS,,
a117ed01-242e-4be2-88d2-418e7e1e6d18,Configure tests,,IAIS-20,StartMonth and StartDate can only by define from the dropdown menu,Iorga Anamaria-Isabela_ST6,,v1.0,Medium,IT Factory,27-08-24 22:36,PASS,,27-08-24 21:01,,,,,,23e2a9f1-2966-40a2-89d8-2306c4bd0d73,6,Select from dropdown menu StartMonth,January,Successfully selected month from dropdown menu,PASS,,
a117ed01-242e-4be2-88d2-418e7e1e6d18,Configure tests,,IAIS-20,StartMonth and StartDate can only by define from the dropdown menu,Iorga Anamaria-Isabela_ST6,,v1.0,Medium,IT Factory,27-08-24 22:36,PASS,,27-08-24 21:01,,,,,,7026d61f-2829-4646-b7b8-8188abf057b2,7,Select from dropdown menu StartDate,1,Successfully selected date from dropdown menu,PASS,,
a117ed01-242e-4be2-88d2-418e7e1e6d18,Configure tests,,IAIS-20,StartMonth and StartDate can only by define from the dropdown menu,Iorga Anamaria-Isabela_ST6,,v1.0,Medium,IT Factory,27-08-24 22:36,PASS,,27-08-24 21:01,,,,,,1339f66b-59ce-4a63-baf1-48534d9169c6,8,"Save from button ""Save""",1,Successfully saved the define data,PASS,,
a117ed01-242e-4be2-88d2-418e7e1e6d18,Configure tests,,IAIS-20,StartMonth and StartDate can only by define from the dropdown menu,Iorga Anamaria-Isabela_ST6,,v1.0,Medium,IT Factory,27-08-24 22:36,PASS,,27-08-24 21:01,,,,,,9f340a42-62ba-4074-9203-95e7d4f97bb6,9,Log out,,User logged out successfully,PASS,,
73497241-61cb-4d0a-920d-2a38d815ccfe,Configure tests,,IAIS-21,Verify button add on Leave types,Iorga Anamaria-Isabela_ST6,,v1.0,Medium,IT Factory,28-08-24 21:04,PASS,,27-08-24 22:45,,,,,,a429e3d4-cea2-49cf-97f8-972b8093c084,1,Access OrangeHrm application,,OrangeHrm accessed,PASS,,
73497241-61cb-4d0a-920d-2a38d815ccfe,Configure tests,,IAIS-21,Verify button add on Leave types,Iorga Anamaria-Isabela_ST6,,v1.0,Medium,IT Factory,28-08-24 21:04,PASS,,27-08-24 22:45,,,,,,2291069a-738b-4411-9cd7-7b104c93f9f2,2,Log in with valid credentials,username:Admin password:admin123,User logged successfully,PASS,,
73497241-61cb-4d0a-920d-2a38d815ccfe,Configure tests,,IAIS-21,Verify button add on Leave types,Iorga Anamaria-Isabela_ST6,,v1.0,Medium,IT Factory,28-08-24 21:04,PASS,,27-08-24 22:45,,,,,,7554e7ae-ff19-47f1-b1fd-42381414a02f,3,Access Leave Module,,Leave module accessed,PASS,,
73497241-61cb-4d0a-920d-2a38d815ccfe,Configure tests,,IAIS-21,Verify button add on Leave types,Iorga Anamaria-Isabela_ST6,,v1.0,Medium,IT Factory,28-08-24 21:04,PASS,,27-08-24 22:45,,,,,,c233d9f0-81ff-435b-9375-101597621f1e,4,Access Configure,,Configure accessed,PASS,,
73497241-61cb-4d0a-920d-2a38d815ccfe,Configure tests,,IAIS-21,Verify button add on Leave types,Iorga Anamaria-Isabela_ST6,,v1.0,Medium,IT Factory,28-08-24 21:04,PASS,,27-08-24 22:45,,,,,,01d14ce6-60bf-4286-8f49-aea77870924c,5,Access Leave Types,,Leave types successfully displayed,PASS,,
73497241-61cb-4d0a-920d-2a38d815ccfe,Configure tests,,IAIS-21,Verify button add on Leave types,Iorga Anamaria-Isabela_ST6,,v1.0,Medium,IT Factory,28-08-24 21:04,PASS,,27-08-24 22:45,,,,,,968fa4c9-b469-48fe-b04c-284b3972a245,6,Click Add button,,Add button displayed with options to introduce new Leave types,PASS,,
73497241-61cb-4d0a-920d-2a38d815ccfe,Configure tests,,IAIS-21,Verify button add on Leave types,Iorga Anamaria-Isabela_ST6,,v1.0,Medium,IT Factory,28-08-24 21:04,PASS,,27-08-24 22:45,,,,,,52a00a19-3525-4886-a28a-f15c8e82ef08,7,Log out,,User successfully logged out,PASS,,
cf77defe-0150-4e3e-9936-5bf2717afc4b,Configure tests,,IAIS-22,Verify Leave Types added appeared in the list,Iorga Anamaria-Isabela_ST6,,v1.0,Medium,IT Factory,28-08-24 21:48,PASS,| IAIS-23,28-08-24 21:16,,,,,,5b0bb3ca-42cd-49db-af4b-9a37ef988c3e,1,Access OrangeHrm application,,OrangeHrm is accessed successfully,PASS,,
cf77defe-0150-4e3e-9936-5bf2717afc4b,Configure tests,,IAIS-22,Verify Leave Types added appeared in the list,Iorga Anamaria-Isabela_ST6,,v1.0,Medium,IT Factory,28-08-24 21:48,PASS,| IAIS-23,28-08-24 21:16,,,,,,9ca6c960-3007-4799-93d5-c9534cc997c3,2,Log in with valid credentials,username:Admin password:admin123,User logged in successfully,PASS,,
cf77defe-0150-4e3e-9936-5bf2717afc4b,Configure tests,,IAIS-22,Verify Leave Types added appeared in the list,Iorga Anamaria-Isabela_ST6,,v1.0,Medium,IT Factory,28-08-24 21:48,PASS,| IAIS-23,28-08-24 21:16,,,,,,85058dad-d4f2-492f-89f6-c41d0525e3ca,3,Access Leave module,,Leave module successfully accessed,PASS,,
cf77defe-0150-4e3e-9936-5bf2717afc4b,Configure tests,,IAIS-22,Verify Leave Types added appeared in the list,Iorga Anamaria-Isabela_ST6,,v1.0,Medium,IT Factory,28-08-24 21:48,PASS,| IAIS-23,28-08-24 21:16,,,,,,3023f722-848e-43fc-bb84-2e1744f55251,4,Access Configure,,Configure successfully open the menu with expected functionalities,PASS,,
cf77defe-0150-4e3e-9936-5bf2717afc4b,Configure tests,,IAIS-22,Verify Leave Types added appeared in the list,Iorga Anamaria-Isabela_ST6,,v1.0,Medium,IT Factory,28-08-24 21:48,PASS,| IAIS-23,28-08-24 21:16,,,,,,d4bea569-141a-4eb8-94a1-962cc00a7d7e,5,Access Leave Types,,Leave Types successfully displeyed the screen for button add,PASS,,
cf77defe-0150-4e3e-9936-5bf2717afc4b,Configure tests,,IAIS-22,Verify Leave Types added appeared in the list,Iorga Anamaria-Isabela_ST6,,v1.0,Medium,IT Factory,28-08-24 21:48,PASS,| IAIS-23,28-08-24 21:16,,,,,,80bc1c76-d4f0-4c43-a66d-707059a87303,6,Click button add and insert in the field name a new leave type,School,button add opened the screen to add a new leave type,PASS,,
cf77defe-0150-4e3e-9936-5bf2717afc4b,Configure tests,,IAIS-22,Verify Leave Types added appeared in the list,Iorga Anamaria-Isabela_ST6,,v1.0,Medium,IT Factory,28-08-24 21:48,PASS,| IAIS-23,28-08-24 21:16,,,,,,153918db-bde9-4c6d-b8f4-5cb5a75bd9dc,7,Press button Save,,The new leave type added successfully saved and showed  up in the list.,PASS,,
cf77defe-0150-4e3e-9936-5bf2717afc4b,Configure tests,,IAIS-22,Verify Leave Types added appeared in the list,Iorga Anamaria-Isabela_ST6,,v1.0,Medium,IT Factory,28-08-24 21:48,PASS,| IAIS-23,28-08-24 21:16,,,,,,65656b4c-6450-4f72-a541-55df5bb2a6ee,8,Log out,,User successfully logged out.,PASS,,
1ba6664a-5292-4d04-a2b3-3de50199c701,Configure tests,,IAIS-24,Verify checkbox entries from Leave types,Iorga Anamaria-Isabela_ST6,,v1.0,Low,IT Factory,28-08-24 22:11,PASS,,28-08-24 21:54,,,,,,cc52bbb3-6cb7-421c-94c4-08508184bd8c,1,Access OrangeHrm application,,OrangeHrm application successfully accessed,PASS,,
1ba6664a-5292-4d04-a2b3-3de50199c701,Configure tests,,IAIS-24,Verify checkbox entries from Leave types,Iorga Anamaria-Isabela_ST6,,v1.0,Low,IT Factory,28-08-24 22:11,PASS,,28-08-24 21:54,,,,,,acf7dda1-c7bb-4dba-b1d4-27c2756cb8ad,2,Log in with valid credentials,username:Admin password:admin123,User successfully logged in,PASS,,
1ba6664a-5292-4d04-a2b3-3de50199c701,Configure tests,,IAIS-24,Verify checkbox entries from Leave types,Iorga Anamaria-Isabela_ST6,,v1.0,Low,IT Factory,28-08-24 22:11,PASS,,28-08-24 21:54,,,,,,83b4a710-261c-4818-a3ca-f6b69fa3a2ef,3,Access Leave module,,Leave module accessed,PASS,,
1ba6664a-5292-4d04-a2b3-3de50199c701,Configure tests,,IAIS-24,Verify checkbox entries from Leave types,Iorga Anamaria-Isabela_ST6,,v1.0,Low,IT Factory,28-08-24 22:11,PASS,,28-08-24 21:54,,,,,,2e93a22a-b982-4616-9399-b8ec4b6d194b,4,Access Configure,,Configure accessed,PASS,,
1ba6664a-5292-4d04-a2b3-3de50199c701,Configure tests,,IAIS-24,Verify checkbox entries from Leave types,Iorga Anamaria-Isabela_ST6,,v1.0,Low,IT Factory,28-08-24 22:11,PASS,,28-08-24 21:54,,,,,,7776e9ac-4bcd-41c7-9c02-3228627c80bd,5,Access Leave Types,,Leave Types successfully accessed,PASS,,
1ba6664a-5292-4d04-a2b3-3de50199c701,Configure tests,,IAIS-24,Verify checkbox entries from Leave types,Iorga Anamaria-Isabela_ST6,,v1.0,Low,IT Factory,28-08-24 22:11,PASS,,28-08-24 21:54,,,,,,1a19799d-ebca-4a2e-8e4d-2480290efe36,6,Select multiple entries by clicking on checkbox entries,,Entries selected successfully by clicking the entries checkbox,PASS,,
1ba6664a-5292-4d04-a2b3-3de50199c701,Configure tests,,IAIS-24,Verify checkbox entries from Leave types,Iorga Anamaria-Isabela_ST6,,v1.0,Low,IT Factory,28-08-24 22:11,PASS,,28-08-24 21:54,,,,,,1b808c6f-ad36-4f74-8a43-01032f4b11ab,7,Click button Delete Selected,,Button Delete Selected successfully delete the selected entries,PASS,,
1ba6664a-5292-4d04-a2b3-3de50199c701,Configure tests,,IAIS-24,Verify checkbox entries from Leave types,Iorga Anamaria-Isabela_ST6,,v1.0,Low,IT Factory,28-08-24 22:11,PASS,,28-08-24 21:54,,,,,,bcbec37e-86e9-472d-8e36-7d31781a9837,8,Log out,,User successfully logged out,PASS,,
6417311d-d6b0-4fd0-9bf7-856537db3579,Configure tests,,IAIS-25,Verify Work Week functionality,Iorga Anamaria-Isabela_ST6,,v1.0,High,IT Factory,29-08-24 19:06,PASS,,28-08-24 22:40,,,,,,65449edc-00b2-4166-abcf-258e8f8448b3,1,Access OrangeHrm application,,OrangeHrm application successfully accessed,PASS,,
6417311d-d6b0-4fd0-9bf7-856537db3579,Configure tests,,IAIS-25,Verify Work Week functionality,Iorga Anamaria-Isabela_ST6,,v1.0,High,IT Factory,29-08-24 19:06,PASS,,28-08-24 22:40,,,,,,e52a43e6-a329-4c94-bf42-a404b7649688,2,Log in with valid credentials,username:Admin password: admin123,User logged in successfully,PASS,,
6417311d-d6b0-4fd0-9bf7-856537db3579,Configure tests,,IAIS-25,Verify Work Week functionality,Iorga Anamaria-Isabela_ST6,,v1.0,High,IT Factory,29-08-24 19:06,PASS,,28-08-24 22:40,,,,,,10ad1aa0-34dd-4425-bc43-ae4cae2cc494,3,Access Leave Module,,Leave module accessed,PASS,,
6417311d-d6b0-4fd0-9bf7-856537db3579,Configure tests,,IAIS-25,Verify Work Week functionality,Iorga Anamaria-Isabela_ST6,,v1.0,High,IT Factory,29-08-24 19:06,PASS,,28-08-24 22:40,,,,,,de70d5ba-0745-400f-a147-27a9574f0708,4,Access Configure>>Work week,,Work week successfully open a screen where are displayed options for each day of the week,PASS,,
6417311d-d6b0-4fd0-9bf7-856537db3579,Configure tests,,IAIS-25,Verify Work Week functionality,Iorga Anamaria-Isabela_ST6,,v1.0,High,IT Factory,29-08-24 19:06,PASS,,28-08-24 22:40,,,,,,c335c6f8-5170-4db9-8558-60b294a30f39,5,Log out,,User logged out successfully,PASS,,
3b449776-39b0-4383-b4b3-43a9aa363a66,Configure tests,,IAIS-26,All fields by day of week should be mandatory,Iorga Anamaria-Isabela_ST6,,v1.0,Medium,IT Factory,29-08-24 19:36,PASS,,29-08-24 18:57,,,,,,f82bffc7-a146-4a79-903d-0857ea087f90,1,Access OrangeHrm application,,OrangeHrm application accessed,PASS,,
3b449776-39b0-4383-b4b3-43a9aa363a66,Configure tests,,IAIS-26,All fields by day of week should be mandatory,Iorga Anamaria-Isabela_ST6,,v1.0,Medium,IT Factory,29-08-24 19:36,PASS,,29-08-24 18:57,,,,,,b775f5fb-2246-41b6-89c4-e2ab33ea9d0a,2,Log in with valid credentials,username:Admin password:admin123,User logged in successfully,PASS,,
3b449776-39b0-4383-b4b3-43a9aa363a66,Configure tests,,IAIS-26,All fields by day of week should be mandatory,Iorga Anamaria-Isabela_ST6,,v1.0,Medium,IT Factory,29-08-24 19:36,PASS,,29-08-24 18:57,,,,,,4abcc18a-4b9d-4d7c-b791-fd03fc4a7b57,3,Access Leave module,,Leave module accessed,PASS,,
3b449776-39b0-4383-b4b3-43a9aa363a66,Configure tests,,IAIS-26,All fields by day of week should be mandatory,Iorga Anamaria-Isabela_ST6,,v1.0,Medium,IT Factory,29-08-24 19:36,PASS,,29-08-24 18:57,,,,,,4179fb7f-19f8-49f1-85a7-c0d17ca5601d,4,Access Configure>>Work Week>>,,Configure accessed and work week displayed the screen with options for each day of the week,PASS,,
3b449776-39b0-4383-b4b3-43a9aa363a66,Configure tests,,IAIS-26,All fields by day of week should be mandatory,Iorga Anamaria-Isabela_ST6,,v1.0,Medium,IT Factory,29-08-24 19:36,PASS,,29-08-24 18:57,,,,,,cd6956f2-489e-4770-bb66-7748af2de3c3,5,Mandatory fields are market with asterics,,"all fields are marked with asterics symbol (*) , they are mandatory",PASS,,
3b449776-39b0-4383-b4b3-43a9aa363a66,Configure tests,,IAIS-26,All fields by day of week should be mandatory,Iorga Anamaria-Isabela_ST6,,v1.0,Medium,IT Factory,29-08-24 19:36,PASS,,29-08-24 18:57,,,,,,2ab380e5-e02f-4017-80d7-33c07922c26b,6,Log out,,User logged out successfully,PASS,,
07269e3d-d5ac-4ee4-883f-3948732bc1ec,Configure tests,,IAIS-27,Verify options of work day field can be selected from dropdown of each field,Iorga Anamaria-Isabela_ST6,,v1.0,Medium,IT Factory,29-08-24 20:13,FAIL,| IAIS-28,29-08-24 19:10,,,,,,a0ad0429-0dbe-4a36-9af6-535aa4f1e65a,1,Access OrangeHrm application,,OrangeHrm application successfully accessed,PASS,,
07269e3d-d5ac-4ee4-883f-3948732bc1ec,Configure tests,,IAIS-27,Verify options of work day field can be selected from dropdown of each field,Iorga Anamaria-Isabela_ST6,,v1.0,Medium,IT Factory,29-08-24 20:13,FAIL,| IAIS-28,29-08-24 19:10,,,,,,83797196-31dc-4464-909d-cc6ec5082d00,2,,,,PASS,,
07269e3d-d5ac-4ee4-883f-3948732bc1ec,Configure tests,,IAIS-27,Verify options of work day field can be selected from dropdown of each field,Iorga Anamaria-Isabela_ST6,,v1.0,Medium,IT Factory,29-08-24 20:13,FAIL,| IAIS-28,29-08-24 19:10,,,,,,ae9f6752-c180-43fd-90c6-3d3c0a1c38b4,3,Log in with valid credentials,username:Admin password:admin123,User successfully logged in,PASS,,
07269e3d-d5ac-4ee4-883f-3948732bc1ec,Configure tests,,IAIS-27,Verify options of work day field can be selected from dropdown of each field,Iorga Anamaria-Isabela_ST6,,v1.0,Medium,IT Factory,29-08-24 20:13,FAIL,| IAIS-28,29-08-24 19:10,,,,,,59ba621a-2b22-4555-9a21-ed45f9fe2a6c,4,Access Leave module,,Leave module successfully accessed,PASS,,
07269e3d-d5ac-4ee4-883f-3948732bc1ec,Configure tests,,IAIS-27,Verify options of work day field can be selected from dropdown of each field,Iorga Anamaria-Isabela_ST6,,v1.0,Medium,IT Factory,29-08-24 20:13,FAIL,| IAIS-28,29-08-24 19:10,,,,,,d5db34e2-810c-4680-9608-30822e5ba026,5,Access Configure,,Configure accessed,PASS,,
07269e3d-d5ac-4ee4-883f-3948732bc1ec,Configure tests,,IAIS-27,Verify options of work day field can be selected from dropdown of each field,Iorga Anamaria-Isabela_ST6,,v1.0,Medium,IT Factory,29-08-24 20:13,FAIL,| IAIS-28,29-08-24 19:10,,,,,,bf98a0b6-6664-434b-a45f-f48e8b7f8b78,6,Access work week,,Work week successfully displayed the screen with mandatory fields for each day of week,PASS,,
07269e3d-d5ac-4ee4-883f-3948732bc1ec,Configure tests,,IAIS-27,Verify options of work day field can be selected from dropdown of each field,Iorga Anamaria-Isabela_ST6,,v1.0,Medium,IT Factory,29-08-24 20:13,FAIL,| IAIS-28,29-08-24 19:10,,,,,,2e0d244a-12c1-4731-a572-0d622eb48896,7,Select from dropdown button on each day of of week options of work day,,Options of each day of work successfully selected day of work from dropdown button,FAIL,,
07269e3d-d5ac-4ee4-883f-3948732bc1ec,Configure tests,,IAIS-27,Verify options of work day field can be selected from dropdown of each field,Iorga Anamaria-Isabela_ST6,,v1.0,Medium,IT Factory,29-08-24 20:13,FAIL,| IAIS-28,29-08-24 19:10,,,,,,8c566e4e-10e7-4e86-ae26-3a4f1fca77d1,8,Log out,,User successfully logged out,UNEXECUTED,,
e1fad77c-3435-41a6-ab4c-8d53a591b3f4,Configure tests,,IAIS-29,Verify functionality calendar options in fields from Holidays,Iorga Anamaria-Isabela_ST6,,v1.0,Medium,IT Factory,30-08-24 19:58,FAIL,| IAIS-34,29-08-24 20:23,,,,,,c2629b2e-7c6d-477e-a76e-3941ecabad74,1,Access OrangeHrm application,,OrangeHrm application accessed,PASS,,
e1fad77c-3435-41a6-ab4c-8d53a591b3f4,Configure tests,,IAIS-29,Verify functionality calendar options in fields from Holidays,Iorga Anamaria-Isabela_ST6,,v1.0,Medium,IT Factory,30-08-24 19:58,FAIL,| IAIS-34,29-08-24 20:23,,,,,,d7a1204f-b5b8-428a-ae8a-60792de1f2d7,2,Log in with valid credentials,username:Admin passworg:admin123,User logged in successfully,PASS,,
e1fad77c-3435-41a6-ab4c-8d53a591b3f4,Configure tests,,IAIS-29,Verify functionality calendar options in fields from Holidays,Iorga Anamaria-Isabela_ST6,,v1.0,Medium,IT Factory,30-08-24 19:58,FAIL,| IAIS-34,29-08-24 20:23,,,,,,c1e1ed59-ea09-4465-a9f0-3fe223f6c083,3,Access Leave module,,Leave module successfully accessed,PASS,,
e1fad77c-3435-41a6-ab4c-8d53a591b3f4,Configure tests,,IAIS-29,Verify functionality calendar options in fields from Holidays,Iorga Anamaria-Isabela_ST6,,v1.0,Medium,IT Factory,30-08-24 19:58,FAIL,| IAIS-34,29-08-24 20:23,,,,,,6ac6e8b3-ada2-4efb-b434-2d013eaf8c32,4,Access Configure>>Holidays>>,,Configure displayed the menu to select Holidays option which showed the screen to complete a period of holidays,PASS,,
e1fad77c-3435-41a6-ab4c-8d53a591b3f4,Configure tests,,IAIS-29,Verify functionality calendar options in fields from Holidays,Iorga Anamaria-Isabela_ST6,,v1.0,Medium,IT Factory,30-08-24 19:58,FAIL,| IAIS-34,29-08-24 20:23,,,,,,4cf89580-9329-4007-8510-e0648f95006c,5,"Click the calendar button in fields ""From"" and ""To""  to select a period of time",,Calendar button opened a calendar type,PASS,,
e1fad77c-3435-41a6-ab4c-8d53a591b3f4,Configure tests,,IAIS-29,Verify functionality calendar options in fields from Holidays,Iorga Anamaria-Isabela_ST6,,v1.0,Medium,IT Factory,30-08-24 19:58,FAIL,| IAIS-34,29-08-24 20:23,,,,,,bb3157f3-fb6d-45f0-8902-f1df01b35912,6,Click button Search,,Button Search displayed a list with various type of Holidays for selected period,FAIL,,
e1fad77c-3435-41a6-ab4c-8d53a591b3f4,Configure tests,,IAIS-29,Verify functionality calendar options in fields from Holidays,Iorga Anamaria-Isabela_ST6,,v1.0,Medium,IT Factory,30-08-24 19:58,FAIL,| IAIS-34,29-08-24 20:23,,,,,,d7cd9a69-5897-4410-9d42-f3c988258a3a,7,Log out,,User logged out successfully,UNEXECUTED,,
6f25a5b7-bbf4-4233-abef-5e9739666276,Configure tests,,IAIS-30,"Add a new Holiday from button ""Add""",Iorga Anamaria-Isabela_ST6,,v1.0,Medium,IT Factory,30-08-24 20:10,BLOCKED,| IAIS-35,29-08-24 20:38,,,,,,c17ed48b-89f4-4895-baf1-46df24af1d32,1,Access OrangeHrm application,,OrangeHrm application accessed,PASS,,
6f25a5b7-bbf4-4233-abef-5e9739666276,Configure tests,,IAIS-30,"Add a new Holiday from button ""Add""",Iorga Anamaria-Isabela_ST6,,v1.0,Medium,IT Factory,30-08-24 20:10,BLOCKED,| IAIS-35,29-08-24 20:38,,,,,,26001dd2-5f08-465a-8812-e1fc29a97cd3,2,Log in with valid credentials,username:Admin password:admin123,User logged in,PASS,,
6f25a5b7-bbf4-4233-abef-5e9739666276,Configure tests,,IAIS-30,"Add a new Holiday from button ""Add""",Iorga Anamaria-Isabela_ST6,,v1.0,Medium,IT Factory,30-08-24 20:10,BLOCKED,| IAIS-35,29-08-24 20:38,,,,,,29a12735-341b-4b3b-991a-7edf47ab3da5,3,Access Leave module,,Leave module accessed,BLOCKED,,
6f25a5b7-bbf4-4233-abef-5e9739666276,Configure tests,,IAIS-30,"Add a new Holiday from button ""Add""",Iorga Anamaria-Isabela_ST6,,v1.0,Medium,IT Factory,30-08-24 20:10,BLOCKED,| IAIS-35,29-08-24 20:38,,,,,,aec8c623-5efc-48e4-b2a6-3ee166931871,4,Access Configure>>Holidays,,Configure showed the menu in which Holidays  was selected,UNEXECUTED,,
6f25a5b7-bbf4-4233-abef-5e9739666276,Configure tests,,IAIS-30,"Add a new Holiday from button ""Add""",Iorga Anamaria-Isabela_ST6,,v1.0,Medium,IT Factory,30-08-24 20:10,BLOCKED,| IAIS-35,29-08-24 20:38,,,,,,364b5b8e-0e39-4f41-8f73-a9285ef46512,5,"Click button ""Add""",,Button Add opened a new tab with the Add Holiday form,UNEXECUTED,,
6f25a5b7-bbf4-4233-abef-5e9739666276,Configure tests,,IAIS-30,"Add a new Holiday from button ""Add""",Iorga Anamaria-Isabela_ST6,,v1.0,Medium,IT Factory,30-08-24 20:10,BLOCKED,| IAIS-35,29-08-24 20:38,,,,,,c602c176-ff66-4cde-bc35-6f1668b019d0,6,"Complete ""Add Holiday"" fields",name: 1 May Date: 01.05.2024,Fields values were completed,UNEXECUTED,,
6f25a5b7-bbf4-4233-abef-5e9739666276,Configure tests,,IAIS-30,"Add a new Holiday from button ""Add""",Iorga Anamaria-Isabela_ST6,,v1.0,Medium,IT Factory,30-08-24 20:10,BLOCKED,| IAIS-35,29-08-24 20:38,,,,,,dbbb7c37-25b4-4897-bfc6-1ad0756a2e3d,7,"Click button ""Save""",,New holiday was saved,UNEXECUTED,,
6f25a5b7-bbf4-4233-abef-5e9739666276,Configure tests,,IAIS-30,"Add a new Holiday from button ""Add""",Iorga Anamaria-Isabela_ST6,,v1.0,Medium,IT Factory,30-08-24 20:10,BLOCKED,| IAIS-35,29-08-24 20:38,,,,,,025b18e2-0e70-4e18-8c84-375573257969,8,Log out,,User logged out successfully,UNEXECUTED,,
